o mundial,world championship
o parecer,"opinion, face value"
a restauração,restoration
a garganta,throat
a desgraça,misfortune
culminar,to culminate
datar,to date
contente,"contented, happy"
examinar,to examine
o estômago,stomach
o monarca,monarch
misterioso,mysterious
a vergonha,"embarrassment, shame"
hondurenho,honduran
a hipótese,hypothesis
prender,"to arrest, apprehend, catch"
lamentar,to regret
a febre,fever
a pena,feather
a poltrona,armchair
sucessivo,successive
a essência,essence
o tronco,(tree) trunk
a contribuição,contribution
conforme,according to
considerável,considerable
a capitalização,capitalization
consultar,to consult
o criador,creator
animar,"to liven up, cheer up, encourage"
o bispo,bishop
a opção,option
a angústia,anguish
classificar,to classify
dotar,"to endow, give a dowry"
escolher,"to choose, select, pick"
o pau,stick
namorar,"to court, flirt, date"
magro,slim
a tomada,electrical socket
doer,"to hurt, to ache"
o passeio,"outing, trip, walk"
projetar,"to project, design, plan"
o rival,rival
o narcotráfico,drug trafficking
mental,mental
o recipiente,recipient
por na cama,to put to bed
tropical,tropical
esperto,clever
a referência,reference
a instalação,installation
o comportamento,behavior
votar,to vote
permanente,permanent
a sede,"headquarters, head office"
primário,primary
o adulto,adult
a categoria,category
atacar,to attack
operar,to operate
relativo,"relative, in relation to"
a leitura,reading
a cozinha,kitchen
a intervenção,intervention
o gol,goal
municipal,municipal
o parlamento,parliament
proibir,"to ban, to prohibit, to forbid"
efetuar,"to make (a payment, purchase, calculation etc)"
o dono,owner
o trem,train
feminino,feminine
a mente,mind
o início,"start, initialisation"
a carteira,wallet
a comparação,comparison
martelar,to hammer
facilmente,easily
a petição,"request, petition"
a publicidade,publicity
o empréstimo,loan
o intérprete,interpreter
imitar,"to imitate, copy, mimic"
a depressão,depression
a exigência,"requirement, demand"
fracassar,"to fail completely, miss"
estético,aesthetic
a especialidade,specialty
a audiência,"hearing, audience  (legal or listening)"
o grão,grain
a Irlanda,Ireland
olímpico,olympic
o vendedor,"salesman, seller"
oculto,"cannot be seen, hidden, occult"
o gerente,manager
tomar banho,to take a bath
a barreira,barrier
infinito,infinite
extremamente,extremely
coincidir,to coincide
a lista,list
a proteção,protection
a fundação,foundation (Institution)
individual,individual
o gene,gene
a assinatura,signature
admitir,to admit
comigo,with me
o carro,car
a proteína,protein
temer,to fear
a oferta,offer
a ponte,bridge
a faculdade,faculty
ativo,active
a ponta,"tip, point"
a iniciativa,initiative
ir embora,"to leave, go away,"
a banda,band (musical)
o vôo,"flight (aeroplane, bird etc)"
o distrito,district
o motor,"motor, engine"
Honduras,Honduras
rapidamente,"quickly, rapidly"
elementar,elementary
adicional,additional
a engenharia,engineering
o privilégio,privilege
a Polônia,Poland
reiterar,to reiterate
nacionalista,nationalist
a criança,child
o mágico,magician
o indígena,"indigenous, native"
solto,"loose, free"
a cordilheira,mountain range
financiar,to finance
a fusão,fusion
a autonomia,autonomy
o superior,superior
a síntese,synthesis
a sinfonia,symphony
o passageiro,passenger
o fechamento,closure
pequeno,small
a trajetória,trajectory
vizinho,neighboring
pisar,to step
peruano,peruvian
o enfoque,focus
a celebração,celebration
divertir,to amuse
a modificação,modification
ilegal,illegal
o ideal,ideal
preparado,"prepared, ready to go"
a transição,transition
visível,visible
o perfil,profile
a bandeira,flag
a soberania,sovereignty
a precisão,precision
murmurar,to murmur
decorar,to decorate
a realização,realization
o sargento,sergeant
o mago,"sorcerer, wizard"
a cópia,copy (photocopy etc)
o eco,echo
a impressão,print
o talento,talent
a promessa,promise
o regulamento,"regulations, rules"
a romã,pomegranate
o monte,"piles, heaps, lots"
romântico,romantic
conceber,to conceive
carregado,loaded
a fortuna,fortune
eterno,eternal
o exemplar,"example, sample,"
a claridade,clarity
claramente,clearly
o salto,jump
a garagem,garage
a infância,"childhood, infancy"
o turismo,tourism
repartir,"to share out, divide, distribute"
o caminhão,truck
o culto,"cult, church service"
provável,"likely, probable"
o técnico,technician
explodir,"to explode, blow up, burst"
o bronze,bronze
acadêmico,academic
agradecer,to thank
agudo,sharp
a prefeitura,town/city hall
padecer,to suffer from
a nuvem,cloud
a perspectiva,perspective
inventar,to invent
a entrevista,interview
a atmosfera,atmosphere
orientar,"to orientate, show the way"
prometer,to promise
o coronel,colonel
constitucional,constitutional
genético,genetic
o cristal,crystal
autêntico,authentic
o banho,bath
a moda,fashion
a quinta-feira,Thursday
ingressar,to join (club)
a velha,old woman
por,to put
a coluna,column
o ensaio,rehearsal or test
absolutamente,absolutely
misturar,"to mix, blend, mingle"
a gestão,management
somar,"to add up, to total"
desempenhar,"to carry out, perform, to fulfill"
o reinado,reign
o lugar,premises
a consideração,consideration
a felicidade,happiness
o monumento,monument
o pedaço,"piece, a bit,"
rosa,pink
são,"healthy, sound, wholesome"
audível,audible
o móvel,piece of furniture
o consenso,consensus
o carinho,"tenderness, affection"
o guia,guide
o sucesso,"success, hit"
a sequência,sequence
montanhoso,mountainous
o consumidor,consumer
a vocação,vocation
ambiental,environmental
o morto,dead person
a homenagem,"homage, tribute"
o horizonte,horizon
a semente,seed
ratificar,to ratify
desprender,to dislodge
laboral,labour
reclamar,to claim
a conduta,conduct
a coroa,crown
a expansão,expansion
a avenida,avenue
a fumaça,smoke
a poeira,dust
carregar,to load
o gato,cat
o relógio,"clock , watch"
a quarta-feira,Wednesday
a molécula,molecule
doce,sweet
a emoção,emotion
úmido,"wet, damp, humid"
a sala de estar,living room
acender,"to turn on, switch on"
o Egito,Egypt
centrar,to center
o retorno,return
queimar,"to burn, to be on fire"
o terno,man's suit
o incremento,increase by steps
a borda,edge
concentrar,to concentrate
diário,"diary, daily newspaper"
o fio,"thread, strand, wire"
transportar,to transport
aha,aha
resistir,to resist
autônomo,"autonomous, self-employed"
o corredor,runner
o estádio,stadium
a partida,"game, match"
inferior,lower
alimentar,to feed
típico,typical
dentro,inside
o padre,"vicar, parish priest"
elevado,"high, elevated"
ocultar,to make occult or hidden
renunciar,"to renounce, resign"
a doutrina,doctrine
o enfrentamento (not confrontação),confrontation
confundir,"to confuse, bewilder"
o serrote,saw
lavar,to wash
vazio,empty
o navio,ship
a placa,"sheet, board"
a herança,inheritance
a inquietude,"worry, disquiet"
índio,indian
a tristeza,sadness
a caça,hunt
o beijo,kiss
o ganhador (not vencedor),winner
a estabilidade,stability
anotar,to make a note of
a média,average
esquentar,to heat
a emissão,emission
débil,"weak, debilitated"
linguístico,linguistic
chover,to rain
o tabaco,tobacco
avançado,advanced
franco,frank
a satisfação,satisfaction
tecnológico,technological
Viena,Vienna
a porcentagem,percentage
o milagre,miracle
a fêmea,female
triste,sad
o cavalheiro,gentleman
a corda,rope
a extensão,extension
o filósofo,philosopher
estreito,narrow
liberar,"to release, set free"
jurídico,relating to the law
calcular,to calculate
o ancião,"old man, elder"
frequente,frequent
apreciar,to appreciate
o Panamá,Panama
recentemente,recently
fundamentalmente,"fundamentally, mainly"
zero,zero
condenar,"to condemn, convict, sentence"
o castelo,castle
o sindicato,labour union
a observação,observation
rosa,pink color
prévio,"prior, preliminary"
originar,to originate
o reconhecimento,recognition
verdadeiramente,"really, truly"
a criatura,creature
falhar,to fail
operativo,operative
o chá,tea
morar,"to live, reside"
a fantasia,fantasy
a Austrália,Australia
a comédia,comedy
conjunto,"joint, group, whole"
o vermelho,red color
a separação,separation
barato,cheap
espetacular,spectacular
a acusação,accusation
o circuito,circuit
o cobre,copper
a pesca,fishing
o trono,throne
o comprimento,length
generalizar,to generalize
o exame,"examination, exam"
bravio,brave
associar,to associate
a aprovação,approval
particularmente,particularly
qualquer,"any, all, every"
normal,normal
a montanha,mountain
fechado,closed
a cifra,"figure, number"
a cadeia,chain
o cenário,stage scenery
o peito,"chest, breast"
o petróleo,petroleum
a Índia,india
a evolução,evolution
familiar,familiar
exatamente,exactly
a competência,"competence, ability."
debaixo,below
seguro,safe
montar,to mount
o casal,married couple
distinguir,to distinguish
sorrir,to smile
a risada,"chuckle, laughter"
a Rússia,Russia
escasso,"scarce, meagre, scant"
o agente,agent
chinês,Chinese
extrair,to extract
a denúncia,"accusation, denouncement"
o carbono,carbon
conformar,to agree with reservations
segundo,second
a raça,"race, breed"
maravilhoso,"marvelous, wonderful"
o fruto,fruit (botanical)
traduzir,to translate
a calça,"(pair of) pants, trousers"
relativamente,relatively
procurar,to look for
a concentração,concentration
conectar,to connect
abraçar,"to hug, embrace, seize"
o exterior,exterior
povoar,to populate
rural,rural
a vila,villa
vestir-se,to get dressed
reproduzir,to reproduce
setenta,seventy
falso,false
descansar,to rest
o anjo,angel
o patrimônio,patrimony
o peixe,fish
o proprietário,proprietor
aspirar,"to breathe in, inhale"
o excesso,excess
filosófico,philosophical
o latim,latin language
inclusive,"inclusive, including"
o bar,"bar, pub"
armar,to arm
morno,tepid warm
o caribe,caribbean
africano,african
enterrar,to bury
reagir,to react
islâmico,islamic
o mito,myth
sacudir,"to shake out dust, wave flag"
potencial,potential
o cartão de crédito,credit card
morto,dead
impossível,impossible
imperial,imperial
etc,etc
brigar,"to fight, struggle, quarrel"
afundar,to sink
fino,"thin, slim"
o ator,actor
esclarecer,clarify
o produtor,producer
governamental,governmental
o padrão,"pattern, standard, default"
o nascimento,birth
perfeitamente,perfectly
interromper,to interrupt
derrotar,"to defeat, beat"
invadir,to invade
o cérebro,brain
a abertura,opening
a greve,"strike (hunger-, go-slow etc)"
a inteligência,intelligence
o pagamento,payment
o código,code
a paixão,passion
inicial,initial
ceder,to hand over
a distribuição,distribution
a obrigação,obligation
ligeiro,"light, scant, swift"
desenhar,"to sketch, draw"
vegetal,vegetable
a seda,silk
republicano,republican
renovar,"to renew, renovate"
o desastre,disaster
o dormitório,dormitory
exibir,"to exhibit, show, display"
o álcool,alcohol
o panorama,"panorama, view"
o rumor,rumour
o sucessor,successor
a habilidade,ability
noturno,nocturnal
preocupado,worried
o embaixador,ambassador
exclusivamente,exclusively
a maquinaria,machinery
o luxo,luxury
a destruição,destruction
a localidade,locality
selecionar,to select
silencioso,silent
a difusão,diffusion
o fluxo,flow
complicar,to complicate
o prazer,pleasure
eletrônico,electronic
o sexo,sex
o senador,senator
a bola,ball
a fazenda,"estate, ranch"
o nariz,nose
a liberação,"liberation, release"
o touro,bull
confiar,"to trust, have confidence in; to confide"
cumprimentar,"to greet, welcome"
pelado,naked
esporte,sports
a corrupção,corruption
atrever-se,to dare
a civilização,civilization
a vez,"time, (occurrence)"
o equilíbrio,"balance, equilibrium"
o inimigo,enemy
o câncer,cancer
a bomba,bomb
revisar,to review
a palma,palm
o judeu,jew
a jornada,working day
a pobreza,poverty
a escuridão,darkness
a fórmula,formula
marcado,marked
o ovo,egg
firme,firm
suave,"soft, smooth"
japonês,Japanese
espacial,spatial
futuro,future
magnífico,magnificent
a virgem,virgin
a loja,shop
existente,existing
executar,to execute
suspender,to suspend
a instrução,instruction
o incêndio,"conflagration, (forest) fire"
o registro,"register, log"
a ala,wing
o cabelo,hair
a linha,line
completar,to complete; finish
empurrar,to push
o príncipe,prince
composto,composed
a presa,prey
o golfo,"gulf, bay"
a colaboração,collaboration
cotidiano,"everyday, daily life"
evoluir,to evolve
a classificação,classification
o carvão,coal
o espectador,spectator
o defensor,defender
a reflexão,reflection
a vela,candle
jurar,"to swear, promise"
o gelo,ice
ditar,to dictate
o assassinato,murder
abundante,abundant
delicado,delicate
respectivo,respective
recorrer,"to turn to, appeal"
adaptar,to adapt
isolado,isolated
doméstico,domestic
o funcionamento,"operation, working"
judeu,jewish
disputar,to dispute
excessivo,excessive
o aliado,ally
valioso,valuable
o alto,the top
capturar,"to capture, catch"
o colega,"schoolmate, buddy"
o meio-dia,midday
rezar,to pray
consolidar,to consolidate
a geografia,geography
a eletricidade,electricity
assinar,to sign
o sabor,"taste, flavour"
representativo,representative
a conquista,"conquest, achievement"
massivo,massive
o desafio,challenge
o corredor,"hallway, corridor"
a tela,screen
a ferramenta,tool
anteriormente,"before, previously"
a fama,fame
enganar,"to deceive, fool, mislead"
a aprendizagem,learning
a garantia,guarantee
o morro,hill
o bolso,pocket
o maestro,conductor (music)
a gravação,recording
a curiosidade,curiosity
gastar,"to spend, to wear out"
colaborar,to collaborate; to cooperate; to work with
afetado,affected
apagar,to turn off; put out; erase
situado,situated
a recuperação,recovery
latino-americano,latin american
o escândalo,scandal
acariciar,"to caress, pet, stroke"
a alternativa,alternative
o balé,ballet
a proporção,proportion
a pata,paw
animal,animal
o cadáver,corpse
o vice-presidente,vice president
o cristão,the christian
a crença,belief
o titular,"holder of office, Minister"
o veículo,vehicle
o grito,"cry, shout"
fazer som,to make a sound
a seleção,selection
vencer,to conquer or vanquish
cheio,full
seco,dry
o paciente,patient
a amostra,sample
quotar,to quote
anual,annual
assistir,"to attend (meeting, cinema, TV, game etc)"
belo,beautiful
o ruído,loud noise
o mecanismo,mechanism
ai,"sigh, groan"
cristão,christian
definitivo,definitive
o matrimônio,marriage
o lábio,lip
pendurar,to hang up (not phone)
durar,to last
a variedade,variety
nacional,national
a conferência,conference
o universo,universe
educativo,educational
duplo,double
cultivar,to cultivate; to grow (plants)
o pássaro,bird
a guarda,guard
a tensão,tension
favorecer,to favor
o arquiteto,architect
a riqueza,wealth
a honra,honor
a manifestação,"demonstration, display"
o acaso,chance
a dinastia,dynasty
a praia,the beach
o leitor,reader
o festival,festival
a galeria,gallery
imenso,immense
o inverno,winter
cedo,"early, soon"
o leite,milk
o doente,sick person
arrancar,"to tear away, force, pull"
o particular,private individual
sugerir,to suggest
o comentário,"comment, commentary"
o pescoço,neck
fabricar,"to manufacture, produce, make, build"
exato,exact
a disposição,"arrangement, disposition"
a dívida,debt
a onda,wave
diminuir,to decrease
o consumo,consumption
quinto,fifth
desfrutar,"to enjoy, appreciate, enjoy the fruits of life"
o aparelho,"apparatus, equipment"
revolucionário,revolutionary
a ave,bird (esp poultry)
devolver,"to return, give back"
o índio,Indian
significativo,significant
perfeito,perfect
o acesso,access
convocar,to convene or summon a meeting
o relato,"statement, explanation"
a lima,lime
a ausência,absence
o dano,damage
a tábua,"board (ironing, chopping etc)"
o Canadá,Canada
passear,to go for a walk
oitenta,eighty
a intensidade,intensity
o computador,computer
a virtude,virtue
o ofício,"office, profession, trade"
sólido,solid
a variação,variation
proclamar,to proclaim
ascender,to ascend
empreender,to undertake
o estabelecimento,establishment
a concepção,conception
colombiano,colombian
negociar,to negotiate
a missa,mass (religious)
habitar,to inhabit
esquerdo,left
a mancha,"spot, stain, mark,"
semelhante,similar
respirar,to breathe
o baile,"ball, dance"
o alcance,reach
o motorista,driver
decisivo,decisive
estuprar,to rape
a fabricação,manufacture
o historiador,historian
nativo,"originating in (plants, animals etc)"
a ocupação,occupation
a legislação,legislation
a convenção,convention
chileno,chilean
a noite,night
a primavera,spring (season)
a transmissão,transmission
a tribo,tribe
a meta,"the target, objective, goal but not a physical target."
o ferido,injured
o crítico,critic
o pacto,pact
sindical,related to a trade union
o gabinete,cabinet (politics)
o dever,duty
diplomático,diplomatic
absurdo,absurd
pacífico,peaceful
penal,penal
direito,right side
a aparição,appearance
muitas vezes,often
o posto,"job, position"
nuclear,nuclear
emitir,"to issue, emit"
a vantagem,advantage
o vinho,wine
contrário,contrary
o ciclo,cycle
a sensação,sensation or feeling
seu,his
beber,to drink
o cultivo,crop
a fotografia,"photography, photo"
legal,"legal, within the law"
interpretar,to interpret
dona,"mrs, madam"
a rainha,queen
o ombro,shoulder
experimentar,"to try out, test, try on"
posteriormente,"subsequently, later"
a vítima,victim
o galho,"branch, bough"
saltar,to jump over or onto
o compromisso,commitment
caracterizar,to characterize
principalmente,"principally, mainly"
a taxa,"rate, fee"
a moeda,"coin, currency"
mudar,"to change, move, shift"
específico,specific
variar,to vary
a composição,composition
respeitar,to respect
a pedra,stone
solicitar,to request (formally)
instalar,to install
católico,Catholic
urbano,urban
a intenção,intention
presidencial,presidential
a aplicação,application
inteiro,whole
o orçamento,"budget, quotation"
destinar,"to assign, earmark"
o debate,debate
intenso,intense
atravessar,"to cross, go through"
provavelmente,probably
comprometer,"to commit, reach agreement"
esgotar,"to drain, empty, use up"
o familiar,"relative, relation"
depositar,"to deposit, put or place in"
a mina,mine (mining)
a invasão,invasion
a legenda,"subtitle, inscription, caption"
o alívio,relief
a definição,definition
o elétron,electron
o físico,physicist
estimular,to stimulate
o bancário,banking
paquerar,"to flirt, chat up"
o primo,cousin
recomendar,to recommend
aparte,"aside from, apart from"
o fragmento,fragment
difundir,"to diffuse, spread"
desconhecer,not to know
o rascunho,"draft, rough copy"
o bloco,block
o milho,maize (corn US)
conversar,"to talk, chat, converse"
o menor,minor
a orelha,ear (outer)
o protagonista,protagonist
artificial,artificial
a tese,thesis
a exploração,"exploitation, exploration"
cheirar,to smell (like or of); to sniff
ferido,"injured, wounded"
espiritual,spiritual
secreto,secret
a monarquia,monarchy
o mistério,mystery
o neto,grandchild
o prestígio,prestige
possivelmente,possibly
a transformação,transformation
a tonelada,ton
o preso,"under arrest, caught, prisoner"
provir,to come from
o herói,hero
a instância,"entreaty, resort"
o líquido,liquid
a entrega,delivery
o trilho,rail as in railway
coletivo,collective
a madrugada,"night before dawn, middle of the night"
o esporte,sport
acostumar,to accustom
preciso,"precise, accurate"
a junta,"board, committee"
esconder,to hide
o tecido,"fabric, cloth"
comprovar,"to confirm, prove"
o meu,mine (my)
Miami,Miami
intervir,to intervene
o imperador,emperor
a paisagem,landscape
bater,"to beat, knock or pound"
completamente,completely
a Ásia,Asia
a escultura,sculpture
o crédito,credit
o disco,record (music etc)
cometer,to commit (a crime or sin)
a esquerda,left
a partícula,particle
assim mesmo,"anyway, nevertheless, even so"
investigar,to investigate
o acontecimento,event
quanto?,how much?
meridional,southern
o segundo grau,school for 15 to 18 years old
o sintoma,symptom
a baía,"bay, gulf"
o composto,"compound, composite"
incapaz,incapable
o intercâmbio,"interchange, exchange"
o verde,green color
a guitarra,guitar (usually electric)
a rejeição,rejection
reduzido,"reduced, limited"
profundamente,profoundly
o amante,lover
adivinhar,to guess
o calendário,calendar
beneficiar,to benefit
o diabo,devil
o repertório,repertoire
a senhorita,"young lady, unmarried woman"
o guerreiro,warrior
valorizar,to value
o terror,terror
a multidão,crowd
o exílio,exile
o oxigênio,oxygen
a estratégia,strategy
Marte,Mars
normalmente,normally
governar,to govern
universitário,member of university student or professor)
garantir,to guarantee
o capitão,captain
atrair,to attract
opinar,"to think that, to state an opinion"
passado,past
particular,particular
o planeta,planet
o piano,piano
a alegria,"joy, bliss, happiness"
a garota,"girl, young woman"
o delito,offence (legal term)
a culpa,"guilt, blame"
a areia,sand
o noivo,fiancé
a interpretação,interpretation
outorgar,to award
breve,brief
a longitude,longitude
quando,when
o cubano,cuban
pálido,pale
envolver,"to entangle, involve"
o oponente,opponent
competir,"to compete (business, exams etc)"
o déficit,deficit
o ventre,womb
definido,defined
o castigo,punishment (usually physical)
assustar,to scare
obedecer,to obey
o macho,male
mecânico,mechanical
o mandatário,"representative, agent, delegate"
severo,severe
motivar,to motivate
o associado,associate
estrelar,"to star (movie, play etc)"
o fundador,founder
paralelo,parallel
noventa,ninety
fantástico,fantastic
o buraco,hole
agrário,agrarian
quadrado,square
o contraste,contrast
corrigir,to correct
lógico,logical
protestar,to protest
o manejo,"handling, use"
naval,naval
o editorial,"editorial, opinion story in newspaper"
abstrair,to abstract
o turista,tourist
a tradução,translation
adeus,good bye
o bem-estar,well-being
o desemprego,unemployment
a novidade,"novelty, latest news"
o rendimento,"yield, income, performance (investments)"
dominicano,dominican
o noivado,"engagement, betrothal"
o anel,ring
tanto melhor,so much the better
a bactéria,bacterium
a concessão,concession
o romano,roman
chato,"short and thick, squat"
o jurado,juror
a densidade,density
o chanceler,chancellor
dissolver,to dissolve
dobrar,"to bend, fold or crease"
corrente,current
sensivelmente,sensibly
acolher,"to welcome, shelter or accept"
descartar,to discard
a dieta,restricted diet to lose weight
o lado,side
a estatística,statistic
estrito,strict
a sensibilidade,sensitivity
solucionar,to solve
o legislador,legislator
captar,"understand, get it, take the hint"
o russo,Russian
a prosa,prose
a loucura,madness
o complexo,complex
o aficionado,enthusiast
temporário,temporary
a tranquilidade,tranquility
aparentemente,apparently
arquitetônico,architectural
a circulação,circulation
fortalecer,to strengthen
o pacote,"bundle, package or package holiday"
secar,to dry
a pensão,pension
a permissão,permission
prático,practical
o satélite,satellite
o decreto,decree
o cuidado,care
biológico,biological
o sócio,partner
o vaqueiro,cowboy
o mineral,mineral
o chapéu,hat
a conservação,conservation
a cerâmica,ceramics
castigar,to punish (usually physical)
digno,"honorable, worthy"
o visitante,visitor
o verbo,verb
frente,ahead
a alteração,alteration
a cerveja,beer
institucional,institutional
a umidade,humidity
a libra,pound
brilhante,bright
o prefeito,mayor
apartar,separate things that touch
crescente,growing
socialista,socialist
perigoso,dangerous
o oceano,ocean
a amizade,friendship
alheio,alien
o laboratório,laboratory
a solidão,"solitude, loneliness"
a sessão,session
lindo,"beautiful, pretty"
o símbolo,symbol
infantil,children's
o custo,cost
muitíssimo,"a lot, very much indeed"
perceber,"to realize, perceive, understand"
promover,to promote
gozar,"to take pleasure from, enjoy,"
denunciar,"to make an official complaint, report"
a busca,search
o teto,ceiling
o vírus,virus
essencial,essential
merecer,to deserve
algum,"any, one"
agrícola,agricultural
a estrada,road
a fome,hunger
pobre,poor
a resistência,resistance
o salvador,savior (religious sense)
satisfazer,to satisfy
o oeste,west
enrolar,"to roll up, wrap up"
o critério,criterion
o frio,cold
universal,universal
o clube,club
o exercício,exercise
a juventude,youth
russo,Russian
o procedimento,"procedure, proceedings"
mediado,half-way through
o dente,tooth
etcétera,et cetera
comunicar,to communicate
a confiança,confidence
acudir,"to help in emergency, rescue someone"
tanto como,as much as
a feição,"form, shape, features"
a caída,fall
o cliente,"customer, client"
o canto,singing
o protesto,protest
qualificar,"to grade, evaluate"
a compra,purchase
a profundidade,depth
regional,regional
a humanidade,humanity
o aeroporto,airport
o imposto,tax
contínuo,continuous
a roda,wheel
poderoso,powerful
derivar,to derive
violento,violent
a Venezuela,Venezuela
o salário,salary
elaborar,"to produce, prepare, make"
o muro,boundary wall
organizado,organized
a catedral,cathedral
o vazio,void
latino,latin
o núcleo,core
o cheiro,smell
a capa,layer
a droga,drug (usually recreational)
o leão,lion
transmitir,to transmit
legislativo,legislative
o soldado,soldier
o branco,white
seguramente,"surely, certainly, safely"
o sorriso,smile
eliminar,to eliminate
o continente,continent
a casa,house
a sexta-feira,Friday
conceder,"to grant, accord or bestow"
sexual,sexual
a temporada,season
tranquilo,tranquil
a medicina,medicine (the science of)
a bolsa,"bag, purse"
arrastar,to drag
o descobrimento,discovery
positivo,positive
o responsável,the one responsible for something
proceder,to follow a bureaucratic procedure
o pátio,courtyard
o sábado,Saturday
o moral,"morale, sense of morality"
o gasto,"expense, expenditure"
mesmo,"same; very (as in ""the very one"")"
até,until
o quilômetro,kilometer
a impressão,impression
influenciar,to influence
a norma,norm
o ritmo,"rate, rhythm"
o emprego,employment
a colônia,colony
diretamente,directly
o camponês,peasant
adequado,"appropriate, suitable, adequate"
acusar,to accuse
judicial,judicial
a volta,"return, lap, bend"
o empresário,"entrepreneur, business owner"
localizar,to locate
original,original
pintar,to paint
o Paraguai,Paraguay
magnético,magnetic
melhor,better
cinza,grey
substituir,"to substitute, exchange, replace"
agitar,"to shake, agitate"
o assento,seat
absorver,to absorb
Berlin,Berlin
queixar-se,"to complain, moan"
tremer,"to shake, tremble, shiver"
sublinhar,to underline
o inseto,insect
a mentira,lie
o sudeste,southeast
a evidência,evidence
a feira,"fair, open market"
o contexto,context
formular,to formulate
o seguidor,follower
agradável,"pleasant, agreeable"
exceto,except
consciente,conscious
o renascimento,renaissance
radical,radical
julgar,"to judge, give considered opinion"
fumar,to smoke
sujo,dirty
o perdão,forgiveness
pintado,painted
a cerimônia,ceremony
disparar,"to go off (gun, run away)"
a tumba,grave
a chave,key
a especialista,specialist
criticar,to criticize
o combate,combat
o capítulo,chapter
circular,to circulate
grosso,thick
justificar,to justify
a consulta,"consultation, appointment with doctor, lawyer etc"
o combustível,fuel
o azeite,olive
a combinação,combination
a camisa,shirt
cansado,tired
a escrita,writing
a possessão,possession
a identidade,identity
duvidar,to doubt
efetivo,effective
o máximo,maximum
múltiplo,multiple
adiantar,"to advance, bring forward"
material,material
lentamente,slowly
a pista,dance floor
formal,formal
confessar,to confess
o mapa,map
brilhar,to shine
a oração,prayer
penetrar,"to penetrate, break into"
a utilização,"utilisation, use"
boliviano,bolivian
o cantor,singer
a Áustria,Austria
a facilidade,ease
de repente,suddenly
a ilusão,illusion
o humor,mood
a mistura,mixture
encantar,"to bewitch, enchant, charm"
inaugurar,to inaugurate
precioso,precious
prolongar,to prolong
especializado,specialized
sobreviver,to survive
soltar,"to release, let go"
correto,correct
agarrar,to grab
a coalizão,coalition
a torre,tower
calar,to shut up
o automóvel,"car, automobile"
armado,armed
parlamentário,parliamentary
o louco,madman
ignorar,to ignore
o ouvido,ear (inner)
designar,"to designate, appoint"
o fracasso,total failure
o depósito,deposit
comparar,to compare
naturalmente,naturally
monetário,monetary
inspirar,"to inspire, inhale"
a resolução,resolution
o campeonato,championship
girar,"to spin, revolve"
a frase,sentence (words)
aéreo,aerial (not antenna)
o torneio,tournament
a escala,scale
a segunda-feira,Monday
mas,but
a vontade,"desire, will"
a mensagem,message
gravar,to record
a potência,"strength, potency"
o futebol,soccer
Barcelona,Barcelona
o desenho,drawing
geralmente,generally
o marco,door frame
Londres,London
manejar,"to handle, manage"
a substância,substance
o espelho,mirror
o benefício,benefit
estimar,to estimate
a agência,agency
o músico,musician
o vidro,glass (not drinking)
o componente,component
evidentemente,evidently
a escada,"(flight of) stairs, staircase; ladder"
perdoar,"to forgive, to pardon"
o impulso,impulse
detectar,to detect
a dama,lady
vincular,"link, to attach or bind"
a disciplina,discipline
a federação,federation
primitivo,primitive
pronunciar,to pronounce
divino,divine
falecer,"to die, pass away"
secundário,secondary
a aventura,adventure
poético,poetic
a beira,edge
o crime,crime
Cristo,Christ
o concurso,contest
beijar,to kiss
a Grécia,Greece
o sacerdote,priest
extenso,extensive
arrumar,"to tidy up, rearrange"
a rota,route
voar,to fly
a direita,right side
a conclusão,conclusion
o fiscal,"inspector, supervisor, examiner"
o segredo,secret
externo,external
a derrota,defeat
descender de,to descend from
supremo,supreme
mínimo,minimum
a esquina,street corner
a seção,section
Washington,Washington
o retrato,portrait
habitual,"habitual, regular"
a exceção,exception
ampliar,to enlarge; expand
a soma,sum
novamente,again
praticar,to practice
sonhar,"to daydream, dream"
lento,slow
a atuação,performance
as férias,"holidays, vacation"
a totalidade,whole
favorável,favorable
a dependência,dependence
igualmente,"equally, likewise, also"
juntar,"to join, gather, to put together"
a infecção,infection
redondo,"round, plump"
a expedição,expedition
o cálculo,calculation
abordar,"to approach, broach, grapple"
a integração,integration
o orgulho,pride
o sacrifício,sacrifice
geográfico,geographic
a contaminação,contamination
o tubo,tube
contratar,"to contract, make agreement"
o chinês,Chinese
imprimir,to print
gordo,fat
palestino,palestinian
o arroz,rice
a estância,"estate, ranch"
dourado,golden gilt (colour)
o raio,ray
o círculo,circle
ameaçar,to threaten
Sevilha,Seville
a cadeira,chair
a chegada,arrival
a liga,league
o contrato,"contract, agreement"
feliz,happy
o lago,lake
a reserva,reservation
o espetáculo,"show, spectacle"
terrível,terrible
a surpresa,surprise
a personalidade,personality
a beleza,beauty
o templo,temple
o discurso,speech
fugir,to flee
nervoso,nervous
fixo,fixed
bastar,to be enough
combinar,to combine
notável,"notable, remarkable"
a missão,mission
admirar,to admire
consumir,"consume, to eat away, use up"
o coro,choir
a fita,"ribbon, tape"
o cigarro,cigarette
brindar,to drink a toast
asiático,asian
a fibra,fiber
a tragédia,tragedy
passar,to pass; to spend (time)
o experimento,experiment
aguentar,"to bear, withstand"
o rumo,"bearing, course"
justamente,"fairly, justly,exactly"
o anúncio,announcement
a pinga,sugar cane liquor
curioso,curious
fresco,"fresh, cool"
o episódio,episode
a importação,import
produtivo,productive
presidir,to preside
teatral,theatrical
respectivamente,respectively
masculino,masculine
a explicação,explanation
o conteúdo,content(s)
curto,short (length or time)
a agricultura,agriculture
a dança,dance
procedente,"coming from, derived from"
imediatamente,immediately
o osso,bone
incrementar,to increase in steps
modificar,to modify
a discussão,discussion ; argument
a exportação,exportation
o impossível,the impossible
despedir,"to fire, dismiss"
roubar,to steal; to rob
registrar,to register
sessenta,sixty
a publicação,publication
médico,medical
administrativo,administrative
a academia,"gym, fitness centre, academy"
evidente,evident
o inquérito,"survey, poll"
característico,characteristic
o engenheiro,engineer
acumular,to accumulate
tremendo,tremendous
o aço,steel
o comandante,"commander, CO (military)"
distribuir,to distribute
a imaginação,imagination
a redução,reduction
o significado,meaning
pesado,heavy
orgânico,organic
global,global
a radiação,radiation
o deserto,desert
sagrado,sacred
limpar,to clean; to wipe
concordar,"to agree, accede to"
o campeão,champion
a continuação,continuation
a planície,prairie
metálico,metallic
a postura,"attitude, stance; posture"
perdido,lost
eficaz,"effective, efficient"
apertar,to tighten; squeeze; pinch; shake; press
a residência,residence
o argumento,argument
terrestre,terrestrial
a fila,"row, line, queue"
excelente,excellent
denominado,called
regular,to regulate
equivocar-se,to make a mistake
a fábrica,factory
a fruta,fruit
crítico,critical
o tráfico,"traffic (drugs, slaves etc)"
o tiro,gunshot
o cume,"summit, mountain top"
o impacto,impact
o comando,command
a marca,"mark, brand"
intelectual,intellectual
concordar,to make an agreement
o mandato,term of office
negativo,negative
correspondente,corresponding
a dimensão,dimension
expulsar,to expel
atirar,"to throw, hurl; to shoot (a weapon)"
limitado,limited
definitivamente,definitely
combater,to combat
a garrafa,bottle
assassinar,to murder; to assassinate
incrível,incredible
a secretaria,secretariat
o joelho,knee
largo,"broad, wide, loose-fitting"
a cooperação,co-operation
o conservador,conservative
colonial,colonial
precisar,to specify
o seio,bosom
alterar,to alter
o progresso,progress
o prato,"plate, dish; course"
medieval,medieval
vital,vital
investir,to invest
a pátria,homeland
solar,solar
o vapor,steam
a preparação,preparation
a inflação,inflation
a senioridade,seniority
suportar,to put up with
a península,peninsula
o experto,expert
carecer,"to need, lack, do without"
amarelo,yellow
a profissão,profession
a lágrima,tear
conquistar,to conquer
o acidente,accident
perseguir,"to chase, pursue"
dar,to give
o Israel,israel
fora,out
a ameaça,threat
desconhecido,unknown
o mexicano,mexican
marinho,marine
pior,worse
facilitar,to facilitate
o sapato,shoe
liberal,liberal
a margem,margin
fechar,"to close, to shut"
efetivamente,"effectively, really, in reality"
o açúcar,sugar
